|autor|ciudades|conteo_retweets|empresas|fecha_creacion|palabras_clave|texto
0|hhernandeza11||0|Codensa|Mon Sep 03 21:11:42 +0000 2018|Sin luz|@CodensaEnergia sin luz cedritos, carrera 15 con calle 143
1|andrea58_||0|Codensa|Mon Sep 03 21:18:07 +0000 2018|Sin luz|@CodensaEnergia  30 min sin luz en cedritos,ahora es muy frecuente este tema¬øqu√© pasa?
2|Pereirano18|Bogota|80||Mon Sep 03 21:35:21 +0000 2018|Apagon|RT @PISO3BOGOTA: 18 DE AGOSTO #SEX #BLACKOUT #extreme #APAGON LA INSIGNE DE @PISO3BOGOTA AMBIENTE OSCURO, DERROCHE DE EROTISMO Y SENSUALIDA‚Ä¶
3|TUKANAL|C√∫cuta|0||Mon Sep 03 21:38:08 +0000 2018|Apag√≥n|Apag√≥n en C√∫cuta y pueblos de occidente por incendio cerca a central de Termotasajero. #Tukanalnoticias @TUKANAL‚Ä¶ https://t.co/j3J3XhoaM9
4|johnalb79161328|C√∫cuta|1||Mon Sep 03 21:40:41 +0000 2018|Apag√≥n|RT @TUKANAL: Apag√≥n en C√∫cuta y pueblos de occidente por incendio cerca a central de Termotasajero. #Tukanalnoticias @TUKANAL #TuKanalPrime‚Ä¶
0|Diego_Triana||0|Codensa|Mon Sep 03 22:08:34 +0000 2018|Sin luz|@CodensaEnergia buenas tardes, m√°s de 15 min esperando respuesta a DM, sin luz en cedritos, alguna novedad?
1|caronito|Bogota|0||Mon Sep 03 22:09:05 +0000 2018|Sin luz|Sin luz en #bogota üò©
2|paisamanxxx|Bogota|81||Mon Sep 03 22:26:00 +0000 2018|Apagon|RT @PISO3BOGOTA: 18 DE AGOSTO #SEX #BLACKOUT #extreme #APAGON LA INSIGNE DE @PISO3BOGOTA AMBIENTE OSCURO, DERROCHE DE EROTISMO Y SENSUALIDA‚Ä¶
3|Kjuliochoa||0|Codensa|Mon Sep 03 22:36:35 +0000 2018|Sin luz|Se√±ores @CodensaEnergia de verdad no les da verg√ºenza? M√°s de 1 hora sin luz y ustedes campantes como si nada! üò° @Superservicios
4|Alexa_shavez||0|Electricaribe|Mon Sep 03 22:44:06 +0000 2018|Sin luz|@Brenda_lau05 @DaniThresh @Camilasuarezres @ElectricaribeSA A√∫n sin luz?
5|nata12arias||0|Codensa|Mon Sep 03 22:58:09 +0000 2018|Sin luz|@CodensaEnergia no me responde. Estamos sin luz en #Cedritos en Usaqu√©n hace m√°s de una hora. Tenemos una persona q‚Ä¶ https://t.co/Sn0omk3I0Y
0|lexymandra||0|Electricaribe, Codensa|Mon Sep 03 23:07:26 +0000 2018|Sin luz|@CodensaEnergia pero qu√©? Llevamos m√°s de dos horas sin luz en Cedritos, c√≥mo les digo? Electricaribe?
1|John_Bernetti|C√∫cuta|2||Mon Sep 03 23:11:05 +0000 2018|Apag√≥n|RT @TUKANAL: Apag√≥n en C√∫cuta y pueblos de occidente por incendio cerca a central de Termotasajero. #Tukanalnoticias @TUKANAL #TuKanalPrime‚Ä¶
2|marlenybarlop||0|Codensa|Mon Sep 03 23:27:07 +0000 2018|Sin energ√≠a|@CodensaEnergia 2 horas sin energ√≠a en sector de Usaquen. @SuperSSPD @CaracolRadio @WRadioColombia @YolandaRuizRCN
3|elpechis10||0|Electricaribe|Mon Sep 03 23:28:55 +0000 2018|Sin luz|@ElectricaribeSA ahora que dice electrirata sin luz hace mas de 45minutos.ahora sale con la excusa de siempre la li‚Ä¶ https://t.co/0x9iia6iQq
4|AnnaMaria2408||0|Codensa|Tue Sep 04 00:00:09 +0000 2018|Sin luz|@CodensaEnergia desde la calle 127 hasta la calle 147 sin luz, hace 5 horas y no han solucionado el problema !!! es‚Ä¶ https://t.co/ojVVH7zf9I
0|Nata_solano||0|Codensa|Tue Sep 04 00:47:33 +0000 2018|Sin luz|@CodensaEnergia llevamos m√°s de 5 horas sin luz en cedritos y ustedes siguen sin dar respuesta ü§∑üèº‚Äç‚ôÄÔ∏è.
0|memjose||0|Codensa|Tue Sep 04 01:10:02 +0000 2018|Sin luz|@CodensaEnergia Me pueden informar que est√° pasando en Cedritos? Llevamos varias horas sin luz.
1|jmarino43||0|Emsa|Tue Sep 04 01:20:18 +0000 2018|Sin luz|Ahora si listos, sin carretera @Coviandes, sin cable @DIRECTV y sin luz @emsa_esp, que falta? Que se acaben los datos?
2|GloSB|Bogot√°|0||Tue Sep 04 01:23:50 +0000 2018|Sin luz|Bogot√° sin luz? Nunca me toc√≥ en los 10 a√±os que viv√≠ alla
3|villegassebas20||0|Emsa|Tue Sep 04 01:58:38 +0000 2018|Sin luz|Buenas noches @EDEMSAinforma en el barrio monse√±or maresma de luzuriaga maipu, hay una cuadra sin luz y las otras t‚Ä¶ https://t.co/WFmS8HzM90
4|NICOLASMELOPE||0|Codensa|Tue Sep 04 02:01:20 +0000 2018|Sin luz|@CodensaEnergia m√°s de 6 horas sin luz desde la 127 hasta la 147 !!! Qu√© incompetencia la de ustedes!! Pero eso si‚Ä¶ https://t.co/uxxcsRXgrS
0|vannyjohann||0|Electricaribe|Tue Sep 04 02:16:40 +0000 2018|Sin energ√≠a|Un amplio sector del norte y centro de @CienagaMagd sin energ√≠a el√©ctrica hace m√°s de tres horas. ¬ø@ElectricaribeSA‚Ä¶ https://t.co/1AA2nyMoho
1|tribunacienaga||2|Electricaribe|Tue Sep 04 02:29:34 +0000 2018|Sin energ√≠a|RT @vannyjohann: Un amplio sector del norte y centro de @CienagaMagd sin energ√≠a el√©ctrica hace m√°s de tres horas. ¬ø@ElectricaribeSA  esto‚Ä¶
2|JesusBecerra783||0|Codensa|Tue Sep 04 02:29:51 +0000 2018|Sin luz|@CodensaEnergia ayer fueron 4 horas sin servicio de energ√≠a y hoy otra vez hace m√°s de media hora sin luz. Que tris‚Ä¶ https://t.co/fl26GMO3C6
3|Delta61342580||0|Emsa|Tue Sep 04 02:42:17 +0000 2018|Sin energ√≠a|@emsa_esp estamos sin energ√≠a en el barrio kirpas toda la cuadra de la carrera 20E # 21A -20 sur, detr√°s del colegi‚Ä¶ https://t.co/vDy4BBV4jh
4|lui5fmar||0|Codensa|Tue Sep 04 02:53:12 +0000 2018|Sin luz|@CodensaEnergia alumbrado p√∫blico a la salida de la estaci√≥n toberin no sirve desde la semana pasada, el puente y la autopista sin luz.
5|Delta61342580||1|Emsa|Tue Sep 04 03:03:43 +0000 2018|Sin energ√≠a|RT @Delta61342580: @emsa_esp estamos sin energ√≠a en el barrio kirpas toda la cuadra de la carrera 20E # 21A -20 sur, detr√°s del colegio arn‚Ä¶
0|JoseJimenezRuiz||0|Electricaribe|Tue Sep 04 03:45:52 +0000 2018|Sin energ√≠a|@ElectricaribeSA m√°s de 4 horas sin energ√≠a en chiriguana C√©sar
0|YaraStefa||0|Codensa|Tue Sep 04 04:23:25 +0000 2018|Sin energ√≠a|@CodensaEnergia por qu√© no vienen a dormir ac√°,sin energ√≠a con 40¬∞...#CodensaPesimoServici #CodensaNoMasAbusk https://t.co/o8Gbf9HmTt
1|YaraStefa||0|Codensa|Tue Sep 04 04:30:36 +0000 2018|Sin energ√≠a|@CodensaEnergia por qu√© no vienen a vivir ac√° a 40¬∞ de temperatura sin energ√≠a para absolutamente nada. Y el cobro‚Ä¶ https://t.co/MqprqkDG5f
0|LauraMarcory|Nari√±o|0||Tue Sep 04 05:17:59 +0000 2018|Sin luz|Atentado contra dos torres de energ√≠a deja sin luz a Tumaco, Nari√±o: Al parecer los‚Ä¶ https://t.co/MjIlBu4f6D
1|samuqiwB|Nari√±o|0||Tue Sep 04 05:36:05 +0000 2018|Sin luz|Atentado contra dos torres de energ√≠a deja sin luz a Tumaco, Nari√±o: Al parecer los responsables del hecho ser√≠an g‚Ä¶ https://t.co/uvhLc43hqw
0|margacontreras1||0|Electricaribe|Tue Sep 04 06:37:50 +0000 2018|Sin luz|@ElectricaribeSA  no saben como nos encanta dormir sin luz en chiriguan√°üò†üò†üò†üò†
0|bryan_excobar||0|Electricaribe|Tue Sep 04 07:08:57 +0000 2018|Sin luz|Que Monda ahora sin luz @ElectricaribeSA coman monda
0|Nonkapisco||0|Electricaribe|Mon Sep 10 17:08:44 +0000 2018|Sin energia|@CNNEE En la costa caribe colombiana en cambio, el hurac√°n @ElectricaribeSA deja sin energia a la regi√≥n casi a diario
0|pacos7836||1|Electricaribe|Fri Sep 14 16:26:52 +0000 2018|Sin energ√≠a|RT @alex86010: Desde ya un gran aplauso para @ElectricaribeSA, ya me enter√© que este domingo nuevamente el barrio Gaitan sin energ√≠a el√©ctr‚Ä¶
0|ColombiaFlash|Bogot√°|0||Fri Sep 14 16:40:56 +0000 2018|Sin energ√≠a|Los barrios de #Bogot√° que se quedar√°n sin energ√≠a este viernes 13 ... :...https://t.co/lGJA85WrAF
0|LuisferTeclados||0|EMCALI|Fri Sep 14 17:34:31 +0000 2018|Sin energ√≠a|@EMCALIoficial Villa del Prado sin energ√≠a a√∫n. ¬øQu√© est√° pasando?
0|Valledupar_Co||2|Electricaribe|Fri Sep 14 17:39:24 +0000 2018|Sin energ√≠a|RT @alex86010: Desde ya un gran aplauso para @ElectricaribeSA, ya me enter√© que este domingo nuevamente el barrio Gaitan sin energ√≠a el√©ctr‚Ä¶
0|jagamboa83||0|EMCALI|Fri Sep 14 17:59:57 +0000 2018|Sin energ√≠a|Que verg√ºenza @EMCALIoficial  con una llovizna se queda la ciudad sin energ√≠a por m√°s de medio d√≠a @elpaiscali , pesimo servicio
0|DaniloGutiB||0|Emsa|Fri Sep 14 18:04:39 +0000 2018|Sin luz|@emsa_esp qu√© pasa con el servicio? Va y viene y ahora est√° intermitente. Estamos sin luz desde hace m√°s de una hora. Zona del panorama
0|Steffanyperez13||0|EMCALI|Fri Sep 14 18:09:11 +0000 2018|Sin energia|@EMCALIoficial Unicentro sin energia...
0|geraldine__diaz||0|Codensa|Fri Sep 14 18:17:41 +0000 2018|Sin luz|Se√±ores @CodensaEnergia todo el d√≠a sin luz?? Respondan, necesitamos trabajar!
0|Dianacpintov| Cali |0|EMCALI|Fri Sep 14 18:22:51 +0000 2018|Sin energ√≠a|@EMCALIoficial Buenas tardes, en la comuna 5 de Cali estamos sin energ√≠a desde las 9:30am, se demora mucho en regresar el servicio? GRACIAS
0|dadaisland||0|Electricaribe|Fri Sep 14 18:27:33 +0000 2018|Sin luz|@ElectricaribeSA otra vez sin luz en la calle San Juan de Dios! Porfavor arreglar
0|velascoluisf||0|EMCALI|Fri Sep 14 19:06:09 +0000 2018|Sin energ√≠a|Se√±ores @EMCALIoficial @ServiciosEmcali , sigue Pance sin energ√≠a el√©ctrica desde anoche. Con respeto, podr√≠an darn‚Ä¶ https://t.co/jMLClTDgJz
0|DonJuliosaldana||2|EMCALI|Fri Sep 14 19:21:04 +0000 2018|Sin energ√≠a|RT @velascoluisf: Se√±ores @EMCALIoficial @ServiciosEmcali , sigue Pance sin energ√≠a el√©ctrica desde anoche. Con respeto, podr√≠an darnos la‚Ä¶
0|juliannogales||1|EMCALI|Fri Sep 14 19:38:04 +0000 2018|Sin energia|RT @Steffanyperez13: @EMCALIoficial Unicentro sin energia...
0|Jorpaso33| Cali |0||Fri Sep 14 19:53:46 +0000 2018|Sin energ√≠a|Urraaa 14 horas sin energ√≠a en Cali en el sector de la Viga. No hay acueducto, no hay alcantarillado,  no hay vias‚Ä¶ https://t.co/5LmJfdIRtK
1|IngritaSa||0|EMCALI|Fri Sep 14 19:54:12 +0000 2018|Sin energ√≠a|Se√±ores de @EMCALIoficial , Pance esta sin energ√≠a el√©ctrica desde anoche, por favor hagan algo.
0|SobredosisKisMe||0|EMCALI|Fri Sep 14 20:11:16 +0000 2018|Sin luz|@EMCALIoficial Barrio Jun√≠n sin luz diagonal a la f√°brica de don rico para cuando solucionan el problema no se ha ni podido hacer almuerzo !
0|jonnyguerra2009||3|Electricaribe|Fri Sep 14 20:27:53 +0000 2018|Sin energ√≠a|RT @alex86010: Desde ya un gran aplauso para @ElectricaribeSA, ya me enter√© que este domingo nuevamente el barrio Gaitan sin energ√≠a el√©ctr‚Ä¶
1|LuzAn22||0|EMCALI|Fri Sep 14 20:32:06 +0000 2018|Sin energia|@EMCALIoficial Sector Holguines Trade Center sin energia aun
2|Vam201319||0|EMCALI|Fri Sep 14 20:33:14 +0000 2018|Sin energia|@EMCALIoficial mas de 8 horas sin energia en Ciudad Jardin, cuanto mas tenemos que esperar, SEAN SERIOS!!!
3|Maleariashdz||0|Codensa|Fri Sep 14 20:59:49 +0000 2018|Sin energ√≠a|@CodensaEnergia ciudad salitre oriental sin energ√≠a hace m√°s de media hora, ¬øqu√© pasa?
4|ikevin92||0|EMCALI|Fri Sep 14 21:04:29 +0000 2018|Sin energ√≠a|@EMCALIoficial Sin energ√≠a aun en la comuna 5 van 6 horas sin servicio
5|gbuitragohn||0|Codensa|Fri Sep 14 21:06:01 +0000 2018|Corte de energ√≠a|@CodensaEnergia @saturnaxe Se demora la soluci√≥n al corte de energ√≠a del sector salitre?
6|piedadfe||0|EMCALI|Fri Sep 14 21:09:21 +0000 2018|Sin energ√≠a|@EMCALIoficial Mentirosos , la Viga Pance lleva 12 horas sin energ√≠a , no enga√±en
7|piedadfe||0|EMCALI|Fri Sep 14 21:11:30 +0000 2018|Sin energ√≠a|@EMCALIoficial Ineptos y mentirosos , la Viga -Pance sin energ√≠a hace 12 horas y ayer 9 horas , que eficiencia de mermelados
8|julianeberon||0|EMCALI|Fri Sep 14 21:15:12 +0000 2018|Sin energ√≠a|@ServiciosEmcali Ya vamos a completar 24 horas sin energ√≠a el√©ctrica en sector de Ciudad Jard√≠n. Ninguna respuesta‚Ä¶ https://t.co/aANRQDy5XU
0|valu_1919||0|Codensa|Fri Sep 14 21:26:34 +0000 2018|Sin luz|Se√±ores @CodensaEnergia ¬°SIGO SIN LUZ! üò†
1|joshrsp||0|EMCALI|Fri Sep 14 21:30:18 +0000 2018|Sin luz|@EMCALIoficial llevamos como 18 horas sin luz en ciudad jardin, Qu√© esta pasando?
2|nyrojasr||0|Codensa|Fri Sep 14 21:40:26 +0000 2018|Apag√≥n|@CodensaEnergia ¬øA qu√© se debe el apag√≥n en Ciudad Salitre Oriental? @asobel https://t.co/hlY8zHvTsy
3|aylinmar2||0|Electricaribe|Fri Sep 14 21:45:44 +0000 2018|Sin luz|Oyeme 5 dias sin luz Cuanto mas hay que esperar?? @ElectricaribeSA respeten! üò°üò°
4|ilanoohotmailc1| Cali |0|EMCALI|Fri Sep 14 21:48:58 +0000 2018|Sin energ√≠a|@EMCALIoficial 23 Horas sin energ√≠a en Los Cristales. No hay derecho que brise en Cali y se vaya la luz cada vez. E‚Ä¶ https://t.co/8Gha0ZzqCu
5|ilanoohotmailc1| Cali |0|EMCALI|Fri Sep 14 21:49:38 +0000 2018|Sin energ√≠a|@EMCALIoficial 23 Horas sin energ√≠a en Los Cristales. No hay derecho que brise en Cali y se vaya la luz cada vez. E‚Ä¶ https://t.co/uUTzRl9qky
6|ilanoohotmailc1| Cali |0|EMCALI|Fri Sep 14 21:50:03 +0000 2018|Sin energ√≠a|@EMCALIoficial 23 Horas sin energ√≠a en Los Cristales. No hay derecho que brise en Cali y se vaya la luz cada vez. E‚Ä¶ https://t.co/mS11xfgyq1
7|ilanoohotmailc1||0|EMCALI|Fri Sep 14 21:50:11 +0000 2018|Sin energ√≠a|@EMCALIoficial @TelepacificoTV @EnterateCali @CaliSosVos @TwiterosCali 23 Horas sin energ√≠a en Los Cristales. No ha‚Ä¶ https://t.co/yBwAZtGMwj
0|amcervino||0|EMCALI|Fri Sep 14 22:19:18 +0000 2018|Sin energ√≠a|Vamos para 24 horas sin energ√≠a en el sur de Cali!! @EMCALIoficial qu√© pasa???
1|elnegrocande||0|EMCALI|Fri Sep 14 22:32:23 +0000 2018|Sin energ√≠a|Pr√≥ximo a cumplir 24 hrs sin energ√≠a en la casa @EMCALIoficial seguimos en modo ahorro, que calidad .üëçüèæ
2|Clapagago62||0|Electricaribe|Fri Sep 14 23:01:22 +0000 2018|Sin luz|@ElectricaribeSA  otra vez sin luz en el rodadero, ahora todos los dias nos quitan la luz a las 6 de la tarde
3|ViejoWilfre||3|EMCALI|Fri Sep 14 23:03:37 +0000 2018|Sin energ√≠a|RT @velascoluisf: Se√±ores @EMCALIoficial @ServiciosEmcali , sigue Pance sin energ√≠a el√©ctrica desde anoche. Con respeto, podr√≠an darnos la‚Ä¶
4|ViejoWilfre| Cali |0||Fri Sep 14 23:13:32 +0000 2018|Sin energ√≠a|#AEstaHora da√±o energ√≠a sur de cali colapsa @MovilidadCali desde ayer sin energ√≠a ciudad jard√≠n, Pance Buitrera. Gr‚Ä¶ https://t.co/DvrZD7x1Ca
5|ari_asher| Cali |0|EMCALI|Fri Sep 14 23:15:29 +0000 2018|Sin energ√≠a|@EMCALIoficial desde las 4 am el sur de cali hoy 14 de septiembre se qued√≥ sin energ√≠a. Son las 6 de la tarde y no‚Ä¶ https://t.co/0JXwlN7kGU
0|deerecomunsas||0|Electricaribe|Fri Sep 14 23:17:26 +0000 2018|Sin energ√≠a|@ElectricaribeSA, @AtlanticoEmi, @jorgecura1070, Otro d√≠a m√°s sin energ√≠a desde 06 Sep/18, Nic: 2260552, orden de s‚Ä¶ https://t.co/nUbTzo7Fow
1|Misaelbtter||1|Electricaribe|Fri Sep 14 23:19:51 +0000 2018|Sin energ√≠a|RT @deerecomunsas: @ElectricaribeSA, @AtlanticoEmi, @jorgecura1070, Otro d√≠a m√°s sin energ√≠a desde 06 Sep/18, Nic: 2260552, orden de servic‚Ä¶
2|juancor83||0|Codensa|Fri Sep 14 23:20:00 +0000 2018|Sin energ√≠a|En menos de 24 horas nuevamente sin energ√≠a @Superservicios. Incre√≠ble el p√©simo servicio de @CodensaEnergia
3|arcticteach||0|EMCALI|Fri Sep 14 23:54:33 +0000 2018|Sin energia|Rid√≠culo!!!! Emcali!!! C√≥mo as√≠!?? Despu√©s de 17 horas sin energia en La Buitrera,  s√≥lo pudieron proporcionar ener‚Ä¶ https://t.co/nWg75qlrpQ
4|arcticteach||0|EMCALI|Fri Sep 14 23:57:24 +0000 2018|Sin energ√≠a|Emcali!! Que horror. Despu√©s de 17 horas sin energ√≠a en La Buitrera, s√≥lo pudieron proporcionar luz por 1:45?  Ya c‚Ä¶ https://t.co/j2fe2JmWFA
5|arcticteach||0|EMCALI|Fri Sep 14 23:59:01 +0000 2018|Sin energ√≠a|@EMCALIoficial Emcali!! Que horror. Despu√©s de 17 horas sin energ√≠a en La Buitrera, s√≥lo pudieron proporcionar luz‚Ä¶ https://t.co/KTiLN2zM3J
6|Jorso8||0|EMCALI|Sat Sep 15 00:11:12 +0000 2018|Sin energ√≠a|@EMCALIoficial ya vamos a completar 24 horas sin energ√≠a en muchos barrios del sur de Cali. Emcali no informa que s‚Ä¶ https://t.co/wZyxvDVDW8
0|mimimazzanti||0|Codensa|Sat Sep 15 00:28:14 +0000 2018|Sin luz, Apag√≥n|@CodensaEnergia @emserchia ¬øSaben la causa apag√≥n en Ch√≠a, Vereda Bojac√°? Llevamos ya como 90 minutos sin luz. https://t.co/85CpReqIRx
1|Afernandezdorad|Bogota|0||Sat Sep 15 01:04:53 +0000 2018|Sin energia|@Bogota MIENTRAS ESTACI√ìN TERMINAL SIN ENERGIA!!!
2|alejomave||1|EMCALI|Sat Sep 15 01:05:40 +0000 2018|Sin energ√≠a|RT @jagamboa83: Que verg√ºenza @EMCALIoficial  con una llovizna se queda la ciudad sin energ√≠a por m√°s de medio d√≠a @elpaiscali , pesimo ser‚Ä¶
0|NadiaRiverosl||0|EMCALI|Sat Sep 15 01:19:37 +0000 2018|Sin energ√≠a|Se√±ores @EMCALIoficial  qu√© pasa con la energ√≠a en ciudad jard√≠n Carrara 102. Desde ayer sin energ√≠a.
1|cordoba_zarita||0|EMCALI|Sat Sep 15 01:20:07 +0000 2018|Sin energ√≠a|@EMCALIoficial  sin energ√≠a desde ayer, ciudad jard√≠n.
2|faustinosilva2||0|EMCALI|Sat Sep 15 01:27:43 +0000 2018|Sin luz|@EMCALIoficial m√°s de 12 horas sin luz en la comuna 22???????
3|Lykru||0|Codensa|Sat Sep 15 01:28:05 +0000 2018|Apag√≥n|@CodensaEnergia Apag√≥n Chia vereda fagua, sector Guanat√°, que sucede?
4|Lykru||0|Codensa|Sat Sep 15 01:28:55 +0000 2018|Sin luz|@mimimazzanti @CodensaEnergia @emserchia Fagua, Guanat√° sin luz tambi√©n
5|davidkramirez||0|Electricaribe, Codensa|Sat Sep 15 01:32:46 +0000 2018|Sin luz|@CodensaEnergia ¬øQu√© clase de electricaribe es esto? Sin luz en Ch√≠a por m√°s de una hora. https://t.co/xy7uDSlMws
6|Felipec35985117||0|Codensa|Sat Sep 15 01:35:40 +0000 2018|Corte de energia|@CodensaEnergia Otra vez corte de energia, ya es el cuarto.
0|Serrott_||0|Codensa|Sat Sep 15 02:26:32 +0000 2018|Sin luz|@rengifomelissa_ @CodensaEnergia Paila con esos cabrones, una vez me dejaron sin luz 7 d√≠as con los recibos al d√≠a,‚Ä¶ https://t.co/y2Y56Z0DtU
1|AdrianaM_12||0|Codensa|Sat Sep 15 02:59:35 +0000 2018|Sin luz|@rengifomelissa_ @CodensaEnergia Nosotros estamos sin luz desde las 8am. üò°
2|AndreaCardonaKR||0|EMCALI|Sat Sep 15 03:06:42 +0000 2018|Sin energ√≠a|En esta ciudad medio llueve y se queda sin energ√≠a por partes, buena esa emcali
3|luciabastidasu|Bogota|0|Codensa|Sat Sep 15 03:17:22 +0000 2018|Sin luz|@CodensaEnergia sin luz p√∫blica por la calle 26 desde la Avenida Boyac√° hasta el aeropuerto @Bogota
4|pachoflorez|Bogota|0|Codensa|Sat Sep 15 03:17:50 +0000 2018|Sin luz|@Citytv @CodensaEnergia @Bogota @teusaquillo13 llevamos mas de seis horas sin luz en ciudad salitre oriental, ni al‚Ä¶ https://t.co/Jj7BYtGtjk
0|CardonaCom||0|EMCALI|Sat Sep 15 03:21:32 +0000 2018|Sin energia|@EMCALIoficial @EMCALIprensa2 se√±ores Emcali nuevamente Barrio Alto Napooles sin Energia se fue hace 15 minutos no‚Ä¶ https://t.co/WDAFXuNN88
0|jc_zuluaga||0|Codensa|Sat Sep 15 04:52:22 +0000 2018|Sin energ√≠a|Se√±ores @Superservicios despu√©s de 7 horas sin energ√≠a reportando  (incidencia 21842456) @CodensaEnergia responde q‚Ä¶ https://t.co/s3qdnFVDur
0|Lykru||1|Codensa|Sat Sep 15 10:19:35 +0000 2018|Sin luz|RT @elytapia440: @CodensaEnergia Nuevamente en Hacienda Fontanar en Ch√≠a se fue la luz desde las 6:30pm, llevamos 2 horas y media sin luz,‚Ä¶
1|Lykru||1|Electricaribe, Codensa|Sat Sep 15 10:19:38 +0000 2018|Sin luz|RT @davidkramirez: @CodensaEnergia ¬øQu√© clase de electricaribe es esto? Sin luz en Ch√≠a por m√°s de una hora. https://t.co/xy7uDSlMws
0|ROBERTO_CANO||0|Codensa|Sat Sep 15 11:14:40 +0000 2018|Sin luz|@CodensaEnergia Hola, me podr√≠an informar que pasa con el servicio en la 83 con autopista costado oriental? Desde ayer sin luz
0|NadiaRiverosl||0|EMCALI|Sat Sep 15 12:03:12 +0000 2018|Sin energ√≠a|Se√±ores @EMCALIoficial  nuevamente sin energ√≠a en ciudad jard√≠n.
1|NadiaRiverosl||0|EMCALI|Sat Sep 15 12:04:47 +0000 2018|Sin energ√≠a|Ciudad jard√≠n amanece sin energ√≠a @ServiciosEmcali  @EMCALIoficial
2|cordoba_zarita||0|EMCALI|Sat Sep 15 12:07:46 +0000 2018|Sin energ√≠a|@ServiciosEmcali @EMCALIoficial otro d√≠a sin energ√≠a en ciudad jard√≠n.
3|heyanabelle||0|Codensa|Sat Sep 15 12:19:15 +0000 2018|Sin electricidad|@CodensaEnergia es una verg√ºenza su servicio. La semana pasada nos tuvieron 4 d√≠as sin electricidad, esta semana ya‚Ä¶ https://t.co/frYVb9vWcB
0|heyanabelle||0|Codensa|Sat Sep 15 12:36:06 +0000 2018|Sin electricidad|8 d√≠as sin electricidad en un periodo de 14 d√≠as. Ese es el excelente servicio de @CodensaEnergia. Ahora despu√©s de‚Ä¶ https://t.co/VHZRRZ93Q7
1|anamaca82||0|EMCALI|Sat Sep 15 12:39:07 +0000 2018|Sin energia|@velascoluisf @elpaiscali @EMCALIoficial @AlcaldiaDeCali Nuevamente amanece sin energia Ciudad Jardin, se√±ores‚Ä¶ https://t.co/vayVnAbGzr
2|martheemilia||0|Electricaribe|Sat Sep 15 12:54:05 +0000 2018|Sin energ√≠a|@ElectricaribeSA @AtlanticoEmi Para variar.. Sector sin energ√≠a en Villa Campestre #HASTACUANDO
3|danilarotta21||0|Codensa|Sat Sep 15 12:57:00 +0000 2018|Sin luz|@CodensaEnergia ustedes son lo peor qu√© hay! Toda la NOCHE SIN LUZ por qu√© no se les da la gana de venir
4|PepeSanma|Cartagena|0||Sat Sep 15 13:07:27 +0000 2018|Sin electricidad|@AytoCartagenaES Fiesta la que voy a montar cuando vuelva la luz... Ya van m√°s de 4 horas sin electricidad en algunas zonas de El Algar...
5|joshrsp||0|EMCALI|Sat Sep 15 13:15:21 +0000 2018|Sin luz|@EMCALIoficial ciudad jardin sigue sin luzüòíüòí
0|MikeMihaba||0|EMCALI|Sat Sep 15 13:23:11 +0000 2018|Sin electricidad|Llevamos ya dos d√≠as sin electricidad @EMCALIoficial en el barrio Ciudad Jard√≠n y Campestre.   @TelepacificoTV‚Ä¶ https://t.co/kW0UjhBpPe
1|arcticteach||0|EMCALI|Sat Sep 15 13:33:16 +0000 2018|Apag√≥n|@EMCALIoficial @EnterateCali @TwiterosCali y La  Buitrera? Tercer apag√≥n en dos d√≠as.  A partir de las 11 de la noc‚Ä¶ https://t.co/uzRhMmC80C
2|MUYBUENASTARDES||0|Ebsa|Sat Sep 15 13:55:19 +0000 2018|Corte de luz|Alguien escuch√≥ el perifon√©o de la @EBSApuraenergia sobre el corte de luz?
3|JPDAKU||0|EMCALI|Sat Sep 15 13:58:59 +0000 2018|Sin energ√≠a|Hola amigos @EMCALIoficial en ciudad jard√≠n estamos sin energ√≠a desde ayer, ser√° que restablecer√°n en alg√∫n momento hoy?
4|MikeMihaba||0|EMCALI|Sat Sep 15 14:04:41 +0000 2018|Sin electricidad|@EMCALIoficial @EnterateCali @TwiterosCali Y que con Ciudad Jard√≠n y Campestre? Llenamos ya m√°s de dos d√≠as sin electricidad!
5|MikeMihaba||0|EMCALI|Sat Sep 15 14:08:10 +0000 2018|Sin electricidad|@EMCALIoficial @EnterateCali @TwiterosCali Llevamos dos d√≠as sin electricidad en el barrio detr√°s del Holguines.
6|CABOSYPUNTAS||0|Ebsa|Sat Sep 15 14:09:54 +0000 2018|Corte de energ√≠a|Corte de Energ√≠a abrupto como cadi todos los d√≠as en Barrio la Fuente 2a Etapa sin previo aviso. A la EBSA si la vi‚Ä¶ https://t.co/8eLvEi4O3S
7|gus7173||0|Ebsa|Sat Sep 15 14:13:38 +0000 2018|Sin energ√≠a|@EBSApuraenergia SRS ebsa bn d√≠a sin energ√≠a en c√≥mbita porfavor su amable atenci√≥n grcs
8|laregionalnet||0|Electricaribe|Sat Sep 15 14:14:20 +0000 2018|Sin luz|Por mantenimiento de Electricaribe, 35 barrios de Valledupar sin luz el domingo de Amor y¬†Amistad‚Ä¶ https://t.co/t2MhXZyElC
9|MiguelMaceaM||0|Electricaribe|Sat Sep 15 14:18:17 +0000 2018|Sin luz|Por mantenimiento de Electricaribe, 35 barrios de Valledupar sin luz el domingo de Amor y Amistad https://t.co/I1eliCqXlO v√≠a @laregionalnet
0|isamunoz07||0|EMCALI|Sat Sep 15 14:51:11 +0000 2018|Sin energ√≠a|@EMCALIoficial @EnterateCali Necesitamos energ√≠a!! Restablezcan el servicio! Llevamos dos d√≠as sin energ√≠a y nadie dice nada!
1|sabath998||1|EMCALI|Sat Sep 15 15:00:04 +0000 2018|Sin energ√≠a|RT @Jorso8: @EMCALIoficial ya vamos a completar 24 horas sin energ√≠a en muchos barrios del sur de Cali. Emcali no informa que sucede. Sus t‚Ä¶
0|arcticteach||0|EMCALI|Sat Sep 15 16:08:13 +0000 2018|Sin energia|@EMCALIoficial @TelepacificoTV @EnterateCali @CaliSosVos @TwiterosCali Sin energia
0|arcticteach||0|EMCALI|Sat Sep 15 16:43:13 +0000 2018|Sin energ√≠a|@EMCALIoficial Espero que haya uno en La Buitrera donde sufrimos 32 horas sin energ√≠a en los √∫ltimos 36.
1|jorenherc||0|EMCALI|Sat Sep 15 16:52:00 +0000 2018|Sin energ√≠a|@elcorrillodemao de Mao estamos sin energ√≠a en el alto Jordan desde anoche,  ayuda @EMCALIoficial
2|jc_zuluaga||0|Codensa|Sat Sep 15 17:15:46 +0000 2018|Corte de energ√≠a|@Superservicios inaudito que @CodensaEnergia someta a m√°s de 100 usuarios a 15 horas de corte de energ√≠a sin atenci‚Ä¶ https://t.co/KeNl2wz8gR
0|johanvar19||4|Electricaribe|Sat Sep 15 18:15:13 +0000 2018|Sin energ√≠a|RT @alex86010: Desde ya un gran aplauso para @ElectricaribeSA, ya me enter√© que este domingo nuevamente el barrio Gaitan sin energ√≠a el√©ctr‚Ä¶
0|SergioGonzalezF||1|Ebsa|Sat Sep 15 18:32:54 +0000 2018|Corte de energ√≠a|@EBSApuraenergia corte de energ√≠a nos est√° afectando de manera grave en Chivata. Cta. 907746241
1|QReinaldocruz||1|EMCALI|Sat Sep 15 19:11:21 +0000 2018|Sin energ√≠a|RT @arcticteach: @EMCALIoficial Espero que haya uno en La Buitrera donde sufrimos 32 horas sin energ√≠a en los √∫ltimos 36.
2|BertaziniVania||0|Codensa|Sat Sep 15 19:18:26 +0000 2018|Sin luz|@CodensaEnergia hola! En El barrio las villas estamos sin luz üò¢
0|CABOSYPUNTAS||1|Ebsa|Sat Sep 15 19:32:06 +0000 2018|Corte de energ√≠a|RT @CABOSYPUNTAS: Corte de Energ√≠a abrupto como cadi todos los d√≠as en Barrio la Fuente 2a Etapa sin previo aviso. A la EBSA si la vigila a‚Ä¶
1|loriaran||0|EMCALI|Sat Sep 15 20:12:08 +0000 2018|Sin energ√≠a|@EMCALIoficial Jueves 6 pm hasta Viernes 12 m sin energ√≠a, Viernes 10:30 pm hasta S√°bado 2:30 pm sin energ√≠a y esto por la lluvia?
0|LancherosEdwin||0|Codensa|Sat Sep 15 21:15:30 +0000 2018|Sin luz|@CodensaEnergia jajaja a las 12 am ,no se sean rid√≠culos,estamos sin luz desde las 10 am,son casi las 5 pm ,y el ti‚Ä¶ https://t.co/sI5uT8jGwz
0|soniapato29||1|Ebsa|Sat Sep 15 21:37:31 +0000 2018|Corte de luz|RT @MUYBUENASTARDES: Alguien escuch√≥ el perifon√©o de la @EBSApuraenergia sobre el corte de luz?
0|surreptitiousDI||0|Codensa|Sat Sep 15 22:42:49 +0000 2018|Sin energ√≠a|Otra vez sin energ√≠a en las villas, @CodensaEnergia üò°
0|AdolfoLMosquera||0|EMCALI|Sun Sep 16 00:06:44 +0000 2018|Sin energ√≠a|@EMCALIprensa2 @emcali.desde las 3:00 PM nos encontramos sin energ√≠a en la Carrera 13 # 3-24. San Cayetano. Por fav‚Ä¶ https://t.co/dBl93SV2dH
0|Pilox100pre||0|Electricaribe|Sun Sep 16 01:05:47 +0000 2018|Sin luz|@ElectricaribeSA @jorgecura1070 @zonacero  m√°s de 6 horas sin luz y no se ven se√±al de nada.
0|LeydisZarcos||0|Electricaribe|Sun Sep 16 01:40:30 +0000 2018|Sin luz|@Salchibieber23 Afortunada usted, yo pase todo el d√≠a con calor y sin luz por culpa de los desgraciados de electricaribe
1|jaime_1041||0|EMCALI|Sun Sep 16 01:43:32 +0000 2018|Sin energ√≠a|@EMCALIoficial sin energ√≠a barrio refugio calle 3 con CRA 66b
2|DavidBa01542855||0|EMCALI|Sun Sep 16 02:01:21 +0000 2018|Sin energ√≠a|@EMCALIoficial volvemos otra vez con la misma joda se√±ores, nuevamente sector de Mel√©ndez y aleda√±os sin energ√≠a ya‚Ä¶ https://t.co/DG2nMM2V3p
3|DavidBa01542855||1|EMCALI|Sun Sep 16 02:01:41 +0000 2018|Sin energ√≠a|RT @DavidBa01542855: @EMCALIoficial volvemos otra vez con la misma joda se√±ores, nuevamente sector de Mel√©ndez y aleda√±os sin energ√≠a ya so‚Ä¶
4|JBuitrera||0|EMCALI|Sun Sep 16 02:15:48 +0000 2018|Sin energ√≠a|Nuevamente SIN ENERG√çA EN EL B/N√ÅPOLES YA ES EL COLMO POR LOS ARREGLOS TEMPORALES QUE REALIZA @EMCALIoficial a las‚Ä¶ https://t.co/QKDi4p0J1M
5|Berjosaame||0|Electricaribe|Sun Sep 16 02:18:35 +0000 2018|Sin luz|Unas gotas y listo no hay luz...y los mantenimientos @ElectricaribeSA ? ...hace 8 d√≠as m√°s de 80 barrios sin luz pa‚Ä¶ https://t.co/MKPjMvQRBZ
0|Diego_Robel||0|EMCALI|Sun Sep 16 02:38:33 +0000 2018|Sin energia|@EMCALIoficial Barrio El Refugio sin Energia... hasta cuando se√±ores?
1|gersonkade||0|EMCALI|Sun Sep 16 02:38:41 +0000 2018|Sin energia|@EMCALIoficial estamos sin energia en el refujio.  Gracias
2|juanmpuerta||0|EMCALI|Sun Sep 16 02:48:34 +0000 2018|Sin energ√≠a|@RedDeApoyoSIC @EMCALIoficial 3 d√≠as seguidos sin energ√≠a en alto N√°poles si al gerente de emcali le qued√≥ grande el puesto que renunci√©.
0|esetiposoy_yo||0|Electricaribe|Sun Sep 16 03:27:08 +0000 2018|Sin luz|@ElectricaribeSA  ustedes son los mejores!!! En dejar a la gente sin luz en fechas especiales. Los propios Papi!!!!!
1|parafrasear67||0|EMCALI|Sun Sep 16 03:31:44 +0000 2018|Sin energ√≠a|@EMCALIoficial sin energ√≠a en la calle 5ta con carrera 66.
2|parafrasear67||0|EMCALI|Sun Sep 16 03:35:02 +0000 2018|Sin energ√≠a|@EnterateCali sin energ√≠a en la calle 5ta con carrera 66. Y los tel√©fonos de @EMCALIoficial no contestan. https://t.co/Qrf5AxZSSO
3|robertoortizu||4|EMCALI|Sun Sep 16 03:44:19 +0000 2018|Sin energ√≠a|RT @JBuitrera: Nuevamente SIN ENERG√çA EN EL B/N√ÅPOLES YA ES EL COLMO POR LOS ARREGLOS TEMPORALES QUE REALIZA @EMCALIoficial a las 21:00 hor‚Ä¶
4|FundacionALB||0|EMCALI|Sun Sep 16 03:46:12 +0000 2018|Sin energ√≠a|RT JBuitrera: Nuevamente SIN ENERG√çA EN EL B/N√ÅPOLES YA ES EL COLMO POR LOS ARREGLOS TEMPORALES QUE REALIZA EMCALIo‚Ä¶ https://t.co/O4BidqNTJo
5|ANCORAL01||0|EMCALI|Sun Sep 16 04:02:57 +0000 2018|Corte de energ√≠a|@EMCALIoficial @Superservicios otro de a m√°s con corte de energ√≠a ya van 3 d√≠as consecutivos que quitan la energ√≠a‚Ä¶ https://t.co/30nJnUyyWr
0|bellvelasquez11||0|Electricaribe|Sun Sep 16 12:23:45 +0000 2018|Sin energia|@ElectricaribeSA Buenos dias se√±ores de electricaribe, desde las 4:20 am estamos, sin energia electrica en Manaure‚Ä¶ https://t.co/PSqjIkD2ZZ
1|camilo95694564|Bogota|102||Sun Sep 16 12:28:42 +0000 2018|Apagon|RT @PISO3BOGOTA: 18 DE AGOSTO #SEX #BLACKOUT #extreme #APAGON LA INSIGNE DE @PISO3BOGOTA AMBIENTE OSCURO, DERROCHE DE EROTISMO Y SENSUALIDA‚Ä¶
0|MarystellMM||0|Electricaribe|Sun Sep 16 13:17:16 +0000 2018|Sin luz|@ElectricaribeSA Y amanecemos sin luz. Llevamos ya 4 horas sin el servicio.
0|pau_andre27||0|EMCALI|Sun Sep 16 13:38:29 +0000 2018|Sin energ√≠a, Apagon|Otra vez sin energ√≠a en Valle del Lili @EMCALIoficial dos apagones en menos de cuatro d√≠as. Hagan algo! al menos informen del da√±o.
1|lfguerra04||2|Electricaribe|Sun Sep 16 14:01:24 +0000 2018|Sin luz|RT @rochilyn_: @AlejandroChar @jorgecura1070 ni el domingo nos perdonan, sin agua y sin luz en Adelita de Char la Playa @ElectricaribeSA y‚Ä¶
2|Cuchitodg2||0|EMCALI|Sun Sep 16 14:09:46 +0000 2018|Sin energ√≠a|¬øPor qu√© ser√° que a @EMCALIoficial le queda dif√≠cil mantener un servicio estable de energ√≠a en Bochalema? Otra vez sin energ√≠a. @elpaiscali
3|AnaMile9602||0|EMCALI|Sun Sep 16 14:11:25 +0000 2018|Sin energ√≠a|@EMCALIoficial bien dia..por favor necesitamos respuesta en N√°poles estamod sin energ√≠a desde el jueves..la ponen u‚Ä¶ https://t.co/XkBH7N9Thh
0|Chell_J26||3|Electricaribe|Sun Sep 16 14:36:59 +0000 2018|Sin luz|RT @rochilyn_: @AlejandroChar @jorgecura1070 ni el domingo nos perdonan, sin agua y sin luz en Adelita de Char la Playa @ElectricaribeSA y‚Ä¶
1|elM1RV||0|Electricaribe|Sun Sep 16 14:52:56 +0000 2018|Sin luz|Domingo de descanso, sin luz gracias electricaribe
2|rochilyn_||0|Electricaribe|Sun Sep 16 15:18:00 +0000 2018|Sin energ√≠a|@ElectricaribeSA feliz domingo sin energ√≠a porquer√≠a de servicio ni para poder amanecer durmiendo ni lavar ropa üò†üò†
0|Luisjoargue||4|Electricaribe|Sun Sep 16 15:36:26 +0000 2018|Sin luz|RT @rochilyn_: @AlejandroChar @jorgecura1070 ni el domingo nos perdonan, sin agua y sin luz en Adelita de Char la Playa @ElectricaribeSA y‚Ä¶
1|caancaar||0|Electricaribe|Sun Sep 16 15:55:39 +0000 2018|Sin luz|MALPARIDOS mil veces MALPARIDOS no saben que es pasar el guayabo sin luz @ElectricaribeSA
2|AhojAdriana||0|Codensa|Sun Sep 16 16:04:54 +0000 2018|Sin energ√≠a|@CodensaEnergia desde el d√≠a de ayer estamos sin energ√≠a y en los cortes programados no aparece. Pueden conf√≠rmame cu√°l es el inconveniente
3|CardonaCom||0|EMCALI|Sun Sep 16 16:12:36 +0000 2018|Sin energia|@EMCALIoficial @EmcaliTelco @EMCALIprensa2  Buen dia  sector Alto Napoles sin Energia todas las noches la quitan y‚Ä¶ https://t.co/nolEfl6CWy
4|CardonaCom||1|EMCALI|Sun Sep 16 16:12:44 +0000 2018|Sin energia|RT @CardonaCom: @EMCALIoficial @EmcaliTelco @EMCALIprensa2  Buen dia  sector Alto Napoles sin Energia todas las noches la quitan y  llega a‚Ä¶
0|Chell_J26|Barranquilla|0|Electricaribe|Sun Sep 16 17:06:01 +0000 2018|Sin luz|Sres @ElectricaribeSA 5 horas sin luz en Brr Adelita de Char/La Playa #Barranquilla Situaci√≥n diaria!! Cu√°nto m√°s h‚Ä¶ https://t.co/SaS2bK4cqy
1|rochilyn_|Barranquilla|1|Electricaribe|Sun Sep 16 17:17:32 +0000 2018|Sin luz|RT @Chell_J26: Sres @ElectricaribeSA 5 horas sin luz en Brr Adelita de Char/La Playa #Barranquilla Situaci√≥n diaria!! Cu√°nto m√°s hay que es‚Ä¶
0|albertoruiz07||0|Electricaribe|Sun Sep 16 21:11:35 +0000 2018|Sin luz|Sin luz en el corredor universitario...@Gobatlantico @HENRYFOREROJ @ElectricaribeSA
1|cristifermosel||0|Emsa|Sun Sep 16 21:13:48 +0000 2018|Corte de luz|@EDEMSAinforma corte de luz en zona de villa nueva, calle Tito Laciar. La luz vuelve x un segundo y se corta nuevamente...
0|BuitragoRicardo||0|Electricaribe|Sun Sep 16 23:07:31 +0000 2018|Sin energ√≠a|En mitad de partido de @JuniorClubSA @ElectricaribeSA nos deja sin energ√≠a
1|JuanTartaruge|Armenia|0||Sun Sep 16 23:34:13 +0000 2018|Sin luz|@EpecOficial Armenia al 1400 barrio gral.paz...nuevamente sin luz...se cort√≥ 5 veces hoy!!
0|QuintaCoquimbo|Pereira|0||Sun Sep 16 23:51:09 +0000 2018|Corte de luz|@gary_morgado @CoquimboPereira @tvnredcoquimbo Corte de luz afecta a #Pampilla de #Coquimbo y sectores aleda√±os, de‚Ä¶ https://t.co/ay8PhcwJ5s
1|edma____|Pereira|5||Mon Sep 17 00:03:42 +0000 2018|Sin luz|RT @jarid_pereira: no jodas to el mundo sin luz
0|lafemme072||5|EMCALI|Mon Sep 17 01:34:42 +0000 2018|Sin energ√≠a|RT @JBuitrera: Nuevamente SIN ENERG√çA EN EL B/N√ÅPOLES YA ES EL COLMO POR LOS ARREGLOS TEMPORALES QUE REALIZA @EMCALIoficial a las 21:00 hor‚Ä¶
0|deerecomunsas||0|Electricaribe|Mon Sep 17 11:52:24 +0000 2018|Sin energia|@ElectricaribeSA, @AtlanticoEmi, @jorgecura1070, Hoy completamos 11 d√≠as sin energia en nuestro local comercial en‚Ä¶ https://t.co/nMsyIZuIet
1|deerecomunsas||1|Electricaribe|Mon Sep 17 11:55:41 +0000 2018|Sin energia|RT @deerecomunsas: @ElectricaribeSA, @AtlanticoEmi, @jorgecura1070, Hoy completamos 11 d√≠as sin energia en nuestro local comercial en el ce‚Ä¶
0|tuliomillo||0|Emsa|Mon Sep 17 13:05:50 +0000 2018|Sin energ√≠a|@mantineon En #ElBermejo estamos sin energ√≠a el√©ctrica y @EDEMSAinforma NO responde... ¬øNos podes ayudar con el reclamo?
